{
    "version": "https://jsonfeed.org/version/1",
    "title": "{{ config.title }}",
    "home_page_url": "{{ config.base_url | safe }}",
    "feed_url": "{{ feed_url | safe }}",
    "description": "{{ config.description }}",
    "items": [
        {%- for page in pages %}
        {
            "id": "{{ page.permalink | safe }}",
            "url": "{{ page.permalink | safe }}",
            "title": "{{ page.title }}",
            "summary": "{% if page.description %}{{ page.description }}{% else %}{{ page.summary | json_encode(pretty=true) | safe }}{% endif %}",
            "date_published": "{{ page.date | date(format='%+') }}",
            "date_modified" : "{{ page.updated | default(value=page.date) | date(format='%+') }}"
        }{% if not loop.last %},{% else %}{% endif %}
        {%- endfor %}
    ]
}
